Tag,Path,Mode,Methods,Description
CONFIG,/CONFIG/PROJECT,,GET,Project Configuration
CONFIG,/CONFIG/VER,,GET,API Version Information
DB_Analysis,/DB/DCTL,,"DELETE, GET, POST, PUT",Definition of Frame
DB_Analysis,/DB/DCTL/{id},,"DELETE, GET, POST, PUT",Definition of Frame
DB_Analysis,/DB/MVCTBS,,"DELETE, GET, POST, PUT",Moving Load Analysis Control - BS
DB_Analysis,/DB/MVCTBS/{id},,"DELETE, GET, POST, PUT",Moving Load Analysis Control - BS
DB_Analysis,/DB/MVCTCH,,"DELETE, GET, POST, PUT",Moving Load Analysis Control - China
DB_Analysis,/DB/MVCTCH/{id},,"DELETE, GET, POST, PUT",Moving Load Analysis Control - China
DB_Analysis,/DB/MVCTID,,"DELETE, GET, POST, PUT",Moving Load Analysis Control - India
DB_Analysis,/DB/MVCTID/{id},,"DELETE, GET, POST, PUT",Moving Load Analysis Control - India
DB_Analysis,/DB/MVCTTR,,"DELETE, GET, POST, PUT",Moving Load Analysis Control - Transverse
DB_Analysis,/DB/MVCTTR/{id},,"DELETE, GET, POST, PUT",Moving Load Analysis Control - Transverse
DB_Analysis,/DB/SBCT,,"DELETE, GET, POST, PUT",
DB_Analysis,/DB/SBCT/{id},,"DELETE, GET, POST, PUT",
DB_Analysis Results,/DB/CUTL,,"DELETE, GET, POST, PUT",Cutting Line
DB_Analysis Results,/DB/CUTL/{id},,"DELETE, GET, POST, PUT",Cutting Line
DB_Analysis Results,/DB/LCOM-ALUM,,"DELETE, GET, POST, PUT",
DB_Analysis Results,/DB/LCOM-ALUM/{id},,"DELETE, GET, POST, PUT",
DB_Analysis Results,/DB/LCOM-CFSTEEL,,"DELETE, GET, POST, PUT",
DB_Analysis Results,/DB/LCOM-CFSTEEL/{id},,"DELETE, GET, POST, PUT",
DB_Analysis Results,/DB/LCOM-FDN,,"DELETE, GET, POST, PUT",
DB_Analysis Results,/DB/LCOM-FDN/{id},,"DELETE, GET, POST, PUT",
DB_Analysis Results,/DB/LCOM-LINEAR,,"DELETE, GET, POST, PUT",
DB_Analysis Results,/DB/LCOM-LINEAR/{id},,"DELETE, GET, POST, PUT",
DB_Boundary,/DB/CONS,,"DELETE, GET, POST, PUT",Constraint Support
DB_Boundary,/DB/CONS/{id},,"DELETE, GET, POST, PUT",Constraint Support
DB_Boundary,/DB/EARE,,"DELETE, GET, POST, PUT",
DB_Boundary,/DB/EARE/{id},,"DELETE, GET, POST, PUT",
DB_Boundary,/DB/IEPI,,"DELETE, GET, POST, PUT",Ignore Elements for Pushover Intial Load
DB_Boundary,/DB/IEPI/{id},,"DELETE, GET, POST, PUT",Ignore Elements for Pushover Intial Load
DB_Bridge Specialization Results,/DB/CAMB,,"DELETE, GET, POST, PUT",FCM Camber Control
DB_Bridge Specialization Results,/DB/CAMB/{id},,"DELETE, GET, POST, PUT",FCM Camber Control
DB_Bridge Specialization Results,/DB/GCMB,,"DELETE, GET, POST, PUT",General Camber Control
DB_Bridge Specialization Results,/DB/GCMB/{id},,"DELETE, GET, POST, PUT",General Camber Control
DB_Bridge Specialization Results,/DB/GSBG,,"DELETE, GET, POST, PUT",Bridge Girder Diagrams
DB_Bridge Specialization Results,/DB/GSBG/{id},,"DELETE, GET, POST, PUT",Bridge Girder Diagrams
DB_Construction Stage Loads,/DB/CMCS,,"DELETE, GET, POST, PUT",Camber for Construction Stage
DB_Construction Stage Loads,/DB/CMCS/{id},,"DELETE, GET, POST, PUT",Camber for Construction Stage
DB_Construction Stage Loads,/DB/STBK,,"DELETE, GET, POST, PUT",Set-Back Loads for Nonlinear Construction Stage
DB_Construction Stage Loads,/DB/STBK/{id},,"DELETE, GET, POST, PUT",Set-Back Loads for Nonlinear Construction Stage
DB_Construction Stage Loads (Test),/DB/SGLD,,GET,
DB_Construction Stage Loads (Test),/DB/SGLD/{id},,GET,
DB_Design,/DB/CMFT,,"DELETE, GET, POST, PUT",
DB_Design,/DB/CMFT/{id},,"DELETE, GET, POST, PUT",
DB_Design,/DB/DCON,,"DELETE, GET, POST, PUT",RC Design Code
DB_Design,/DB/DCON/{id},,"DELETE, GET, POST, PUT",RC Design Code
DB_Design,/DB/DSTL,,"DELETE, GET, POST, PUT",Design Steel Code
DB_Design,/DB/DSTL/{id},,"DELETE, GET, POST, PUT",Design Steel Code
DB_Design,/DB/KFAC,,"DELETE, GET, POST, PUT",
DB_Design,/DB/KFAC/{id},,"DELETE, GET, POST, PUT",
DB_Design,/DB/LENG,,"DELETE, GET, POST, PUT",Unbraced Length
DB_Design,/DB/LENG/{id},,"DELETE, GET, POST, PUT",Unbraced Length
DB_Design,/DB/LTSR,,"DELETE, GET, POST, PUT",Underground Load Combination Type
DB_Design,/DB/LTSR/{id},,"DELETE, GET, POST, PUT",Underground Load Combination Type
DB_Design,/DB/MATD,,"GET, PUT",Modify Concrete Materials
DB_Design,/DB/MATD/{id},,"GET, PUT",Modify Concrete Materials
DB_Design,/DB/MBTP,,"DELETE, GET, POST, PUT",Modify Member Type
DB_Design,/DB/MBTP/{id},,"DELETE, GET, POST, PUT",Modify Member Type
DB_Design,/DB/MDGN,,"DELETE, GET, POST, PUT",
DB_Design,/DB/MDGN/{id},,"DELETE, GET, POST, PUT",
DB_Design,/DB/MEMB,,"DELETE, GET, POST, PUT",Member Assignment
DB_Design,/DB/MEMB/{id},,"DELETE, GET, POST, PUT",Member Assignment
DB_Design,/DB/MRFT,,"DELETE, GET, POST, PUT",
DB_Design,/DB/MRFT/{id},,"DELETE, GET, POST, PUT",
DB_Design,/DB/RCHK,,"DELETE, GET, POST, PUT",Rebar Input for Checking - Beam/Column
DB_Design,/DB/RCHK/{id},,"DELETE, GET, POST, PUT",Rebar Input for Checking - Beam/Column
DB_Design,/DB/WMAK,,"DELETE, GET, POST, PUT",Modify Wall Mark Design
DB_Design,/DB/WMAK/{id},,"DELETE, GET, POST, PUT",Modify Wall Mark Design
DB_Grid Model Analysis Loads,/DB/GALD,,"DELETE, GET, POST, PUT",Grid Analysis Load
DB_Grid Model Analysis Loads,/DB/GALD/{id},,"DELETE, GET, POST, PUT",Grid Analysis Load
DB_Heat of Hydration Results,/DB/HHND,,"DELETE, GET, POST, PUT",Heat of Hydaration Result Graph
DB_Heat of Hydration Results,/DB/HHND/{id},,"DELETE, GET, POST, PUT",Heat of Hydaration Result Graph
DB_Misc. Result,/DB/ULFC,,"DELETE, GET, POST, PUT",Cable Control - Unknown Load Factor Constraints
DB_Misc. Result,/DB/ULFC/{id},,"DELETE, GET, POST, PUT",Cable Control - Unknown Load Factor Constraints
DB_Miscellaneous Loads,/DB/WVLD,,"DELETE, GET, POST, PUT",Wave Loads
DB_Miscellaneous Loads,/DB/WVLD/{id},,"DELETE, GET, POST, PUT",Wave Loads
DB_Moving Loads,/DB/CJFG,,"DELETE, GET, POST, PUT",Concurrent Joint Force Group
DB_Moving Loads,/DB/CJFG/{id},,"DELETE, GET, POST, PUT",Concurrent Joint Force Group
DB_Moving Loads,/DB/CRGR,,"DELETE, GET, POST, PUT",Concurrent Reaction Group
DB_Moving Loads,/DB/CRGR/{id},,"DELETE, GET, POST, PUT",Concurrent Reaction Group
DB_Moving Loads,/DB/DYFG,,"DELETE, GET, POST, PUT",Railway Dynamic Factor
DB_Moving Loads,/DB/DYFG/{id},,"DELETE, GET, POST, PUT",Railway Dynamic Factor
DB_Moving Loads,/DB/DYLA,,"DELETE, GET, POST, PUT",Dynamic Load Allowance
DB_Moving Loads,/DB/DYLA/{id},,"DELETE, GET, POST, PUT",Dynamic Load Allowance
DB_Moving Loads,/DB/DYNF,,"DELETE, GET, POST, PUT",Railway Dynamic Factor by Element
DB_Moving Loads,/DB/DYNF/{id},,"DELETE, GET, POST, PUT",Railway Dynamic Factor by Element
DB_Moving Loads,/DB/IMPF,,"DELETE, GET, POST, PUT",Additional Impact Factor
DB_Moving Loads,/DB/IMPF/{id},,"DELETE, GET, POST, PUT",Additional Impact Factor
DB_Moving Loads,/DB/LLANCH,,"DELETE, GET, POST, PUT",Traffic Line Lanes - China
DB_Moving Loads,/DB/LLANCH/{id},,"DELETE, GET, POST, PUT",Traffic Line Lanes - China
DB_Moving Loads,/DB/LLANID,,"DELETE, GET, POST, PUT",Traffic Line Lanes - India
DB_Moving Loads,/DB/LLANID/{id},,"DELETE, GET, POST, PUT",Traffic Line Lanes - India
DB_Moving Loads,/DB/LLANJP,,"DELETE, GET, POST, PUT",
DB_Moving Loads,/DB/LLANJP/{id},,"DELETE, GET, POST, PUT",
DB_Moving Loads,/DB/LLANOP,,"DELETE, GET, POST, PUT",Traffic Line Lanes - Moving Load Optimizaion
DB_Moving Loads,/DB/LLANOP/{id},,"DELETE, GET, POST, PUT",Traffic Line Lanes - Moving Load Optimizaion
DB_Moving Loads,/DB/LLANTR,,"DELETE, GET, POST, PUT",Traffic Line Lanes - Transverse
DB_Moving Loads,/DB/LLANTR/{id},,"DELETE, GET, POST, PUT",Traffic Line Lanes - Transverse
DB_Moving Loads,/DB/MVHL,,"DELETE, GET, POST, PUT",Vehicles - Taiwan
DB_Moving Loads,/DB/MVHL/{id},,"DELETE, GET, POST, PUT",Vehicles - Taiwan
DB_Moving Loads,/DB/MVHLTR,,"DELETE, GET, POST, PUT",Vehicles - Transverse
DB_Moving Loads,/DB/MVHLTR/{id},,"DELETE, GET, POST, PUT",Vehicles - Transverse
DB_Moving Loads,/DB/MVLDBS,,"DELETE, GET, POST, PUT",Moving Load Cases - BS
DB_Moving Loads,/DB/MVLDBS/{id},,"DELETE, GET, POST, PUT",Moving Load Cases - BS
DB_Moving Loads,/DB/MVLDCH,,"DELETE, GET, POST, PUT",Moving Load Cases - China
DB_Moving Loads,/DB/MVLDCH/{id},,"DELETE, GET, POST, PUT",Moving Load Cases - China
DB_Moving Loads,/DB/MVLDEU,,"DELETE, GET, POST, PUT",Moving Load Cases - Eurocode
DB_Moving Loads,/DB/MVLDEU/{id},,"DELETE, GET, POST, PUT",Moving Load Cases - Eurocode
DB_Moving Loads,/DB/MVLDID,,"DELETE, GET, POST, PUT",Moving Load Cases - India
DB_Moving Loads,/DB/MVLDID/{id},,"DELETE, GET, POST, PUT",Moving Load Cases - India
DB_Moving Loads,/DB/MVLDJP,,"DELETE, GET, POST, PUT",
DB_Moving Loads,/DB/MVLDJP/{id},,"DELETE, GET, POST, PUT",
DB_Moving Loads,/DB/MVLDPL,,"DELETE, GET, POST, PUT",Moving Load Cases - Poland
DB_Moving Loads,/DB/MVLDPL/{id},,"DELETE, GET, POST, PUT",Moving Load Cases - Poland
DB_Moving Loads,/DB/MVLDTR,,"DELETE, GET, POST, PUT",Moving Load Cases - Transverse
DB_Moving Loads,/DB/MVLDTR/{id},,"DELETE, GET, POST, PUT",Moving Load Cases - Transverse
DB_Moving Loads,/DB/SLANCH,,"DELETE, GET, POST, PUT",Traffic Surface Lanes - China
DB_Moving Loads,/DB/SLANCH/{id},,"DELETE, GET, POST, PUT",Traffic Surface Lanes - China
DB_Moving Loads,/DB/SLANOP,,"DELETE, GET, POST, PUT",Traffic Surface Lanes - Moving Load Optimization
DB_Moving Loads,/DB/SLANOP/{id},,"DELETE, GET, POST, PUT",Traffic Surface Lanes - Moving Load Optimization
DB_Node/Element,/DB/DOEL,,"DELETE, GET, POST, PUT",Domain-Element
DB_Node/Element,/DB/DOEL/{id},,"DELETE, GET, POST, PUT",Domain-Element
DB_Project,/DB/PJCF,,"DELETE, GET, POST, PUT",Project Information
DB_Project,/DB/PJCF/{id},,"DELETE, GET, POST, PUT",Project Information
DB_Project,/DB/UNIT,,"GET, PUT",Unit System
DB_Project,/DB/UNIT/{id},,"GET, PUT",Unit System
DB_Properties,/DB/ESSF,,"DELETE, GET, POST, PUT",Element Stiffness Scale Factor
DB_Properties,/DB/ESSF/{id},,"DELETE, GET, POST, PUT",Element Stiffness Scale Factor
DB_Properties,/DB/EWSF,,"DELETE, GET, POST, PUT",Effective Width Scale Factor
DB_Properties,/DB/EWSF/{id},,"DELETE, GET, POST, PUT",Effective Width Scale Factor
DB_Properties,/DB/FIBR,,"DELETE, GET, POST, PUT",Fiber Division of Section
DB_Properties,/DB/FIBR/{id},,"DELETE, GET, POST, PUT",Fiber Division of Section
DB_Properties,/DB/GRDP,,"DELETE, GET, POST, PUT",Group Damping
DB_Properties,/DB/GRDP/{id},,"DELETE, GET, POST, PUT",Group Damping
DB_Properties,/DB/IEHC,,"DELETE, GET, POST, PUT",Inelastic Hinge Control Data
DB_Properties,/DB/IEHC/{id},,"DELETE, GET, POST, PUT",Inelastic Hinge Control Data
DB_Properties,/DB/IEHP,,"DELETE, GET, POST, PUT",
DB_Properties,/DB/IEHP/{id},,"DELETE, GET, POST, PUT",
DB_Properties,/DB/IMFM,,"DELETE, GET, POST, PUT",Inelastic Material Properties for Fiber Model
DB_Properties,/DB/IMFM/{id},,"DELETE, GET, POST, PUT",Inelastic Material Properties for Fiber Model
DB_Properties,/DB/MTCS,,"DELETE, GET, POST, PUT",
DB_Properties,/DB/MTCS/{id},,"DELETE, GET, POST, PUT",
DB_Properties,/DB/PHGT,,"DELETE, GET, POST, PUT",
DB_Properties,/DB/PHGT/{id},,"DELETE, GET, POST, PUT",
DB_Properties,/DB/PSSF,,"DELETE, GET, POST, PUT",Section Manager - Plate Stiffness Scale Factor
DB_Properties,/DB/PSSF/{id},,"DELETE, GET, POST, PUT",Section Manager - Plate Stiffness Scale Factor
DB_Properties,/DB/RPSC,,"DELETE, GET, POST, PUT",Section Manager - Reinforcements
DB_Properties,/DB/RPSC/{id},,"DELETE, GET, POST, PUT",Section Manager - Reinforcements
DB_Properties,/DB/SECF,,"DELETE, GET, POST, PUT",Section Manager - Stiffness
DB_Properties,/DB/SECF/{id},,"DELETE, GET, POST, PUT",Section Manager - Stiffness
DB_Properties,/DB/SECP,,"DELETE, GET, POST, PUT",
DB_Properties,/DB/SECP/{id},,"DELETE, GET, POST, PUT",
DB_Properties,/DB/SECV,,"DELETE, GET, POST, PUT",
DB_Properties,/DB/SECV/{id},,"DELETE, GET, POST, PUT",
DB_Properties,/DB/STRPSSM,,"DELETE, GET, POST, PUT",Section Manager - Stress Points
DB_Properties,/DB/STRPSSM/{id},,"DELETE, GET, POST, PUT",Section Manager - Stress Points
DB_Properties,/DB/VBEM,,"DELETE, GET, POST, PUT",Section Manager - Section for Resultant Forces - Virtual Beam
DB_Properties,/DB/VBEM/{id},,"DELETE, GET, POST, PUT",Section Manager - Section for Resultant Forces - Virtual Beam
DB_Properties,/DB/VSEC,,"DELETE, GET, POST, PUT",Section Manager - Section for Resultant Forces - Virtual Section
DB_Properties,/DB/VSEC/{id},,"DELETE, GET, POST, PUT",Section Manager - Section for Resultant Forces - Virtual Section
DB_Properties,/DB/WSSF,,"DELETE, GET, POST, PUT",
DB_Properties,/DB/WSSF/{id},,"DELETE, GET, POST, PUT",
DB_Pushover,/DB/PHGE,,"DELETE, GET, POST, PUT",Assign Pushover Hinge Properties
DB_Pushover,/DB/PHGE/{id},,"DELETE, GET, POST, PUT",Assign Pushover Hinge Properties
DB_Pushover,/DB/POGD,,"DELETE, GET, POST, PUT",Pushover Analysis Control Data
DB_Pushover,/DB/POGD/{id},,"DELETE, GET, POST, PUT",Pushover Analysis Control Data
DB_Pushover,/DB/POLC,,"DELETE, GET, POST, PUT",Pushover Load Cases
DB_Pushover,/DB/POLC/{id},,"DELETE, GET, POST, PUT",Pushover Load Cases
DB_Static Loads,/DB/ARPR,,"DELETE, GET, POST, PUT",
DB_Static Loads,/DB/ARPR/{id},,"DELETE, GET, POST, PUT",
DB_Static Loads,/DB/EQMF,,"DELETE, GET, POST, PUT",
DB_Static Loads,/DB/EQMF/{id},,"DELETE, GET, POST, PUT",
DB_View,/DB/NUCS,,"DELETE, GET, POST, PUT",
DB_View,/DB/NUCS/{id},,"DELETE, GET, POST, PUT",
DB_View,/DB/UFIG,,GET,
DB_View,/DB/UFIG/{id},,GET,
Description,/INFO/DB/ACTL,,GET,Main Control Data
Description,/INFO/DB/ARPR,,GET,
Description,/INFO/DB/BCCT,,GET,Boundary Change Assignment
Description,/INFO/DB/BMLD,,GET,Beam Loads
Description,/INFO/DB/BNGR,,GET,Boundary Group
Description,/INFO/DB/BODF,,GET,Self-Weight
Description,/INFO/DB/BTMP,,GET,Beam Section Temperature
Description,/INFO/DB/BUCK,,GET,Buckling Analysis Control
Description,/INFO/DB/CAMB,,GET,FCM Camber Control
Description,/INFO/DB/CCFC,,GET,Convection Coefficient Functions
Description,/INFO/DB/CGLP,,GET,Change General Link Property
Description,/INFO/DB/CJFG,,GET,Concurrent Joint Force Group
Description,/INFO/DB/CLDR,,GET,Define Constraints Label Direction
Description,/INFO/DB/CLWP,,GET,Plate Cutting Line Diagram
Description,/INFO/DB/CMCS,,GET,Camber for Construction Stage
Description,/INFO/DB/CMFT,,GET,
Description,/INFO/DB/CNLD,,GET,Nodal Loads
Description,/INFO/DB/CO_F,,GET,Floor Load Color
Description,/INFO/DB/CO_M,,GET,Material Color
Description,/INFO/DB/CO_S,,GET,Section Color
Description,/INFO/DB/CO_T,,GET,Thickness Color
Description,/INFO/DB/CONS,,GET,Constraint Support
Description,/INFO/DB/CRGR,,GET,Concurrent Reaction Group
Description,/INFO/DB/CRPC,,GET,Creep Coefficient for Construction Stage
Description,/INFO/DB/CSCS,,GET,Composite Section for Construction Stage
Description,/INFO/DB/CUTL,,GET,Cutting Line
Description,/INFO/DB/DCON,,GET,RC Design Code
Description,/INFO/DB/DCTL,,GET,Definition of Frame
Description,/INFO/DB/DOEL,,GET,Domain-Element
Description,/INFO/DB/DSTL,,GET,Design Steel Code
Description,/INFO/DB/DYFG,,GET,Railway Dynamic Factor
Description,/INFO/DB/DYLA,,GET,Dynamic Load Allowance
Description,/INFO/DB/DYNF,,GET,Railway Dynamic Factor by Element
Description,/INFO/DB/EARE,,GET,
Description,/INFO/DB/EDMP,,GET,Change Property
Description,/INFO/DB/EFCT,,GET,Small Displacement - Initial Force Control Data
Description,/INFO/DB/EIGV,,GET,Eigenvalue Analysis Control
Description,/INFO/DB/ELEM,,GET,Element
Description,/INFO/DB/ELNK,,GET,Elastic Link
Description,/INFO/DB/EPMT,,GET,Plastic Material
Description,/INFO/DB/EPSE,,GET,
Description,/INFO/DB/EQMF,,GET,
Description,/INFO/DB/ESSF,,GET,Element Stiffness Scale Factor
Description,/INFO/DB/ETFC,,GET,Ambient Temperature Functions
Description,/INFO/DB/ETMP,,GET,Element Temperature
Description,/INFO/DB/EWSF,,GET,Effective Width Scale Factor
Description,/INFO/DB/EXLD,,GET,External Type Load Case for Pretension
Description,/INFO/DB/FBLA,,GET,Assign Floor Loads
Description,/INFO/DB/FBLD,,GET,Define Floor Load Type
Description,/INFO/DB/FIBR,,GET,Fiber Division of Section
Description,/INFO/DB/FIMP,,GET,Inelastic Material Properties
Description,/INFO/DB/FMLD,,GET,Finishing Material Loads
Description,/INFO/DB/FRLS,,GET,Beam End Release
Description,/INFO/DB/GALD,,GET,Grid Analysis Load
Description,/INFO/DB/GCMB,,GET,General Camber Control
Description,/INFO/DB/GRDP,,GET,Group Damping
Description,/INFO/DB/GRUP,,GET,Structure Group
Description,/INFO/DB/GSBG,,GET,Bridge Girder Diagrams
Description,/INFO/DB/GSPR,,GET,Assign General Spring Supports
Description,/INFO/DB/GSTP,,GET,Define General Spring Type
Description,/INFO/DB/GTMP,,GET,Temperature Gradient
Description,/INFO/DB/HAHS,,GET,Assign Heat Source
Description,/INFO/DB/HECB,,GET,Element Convection Boundary
Description,/INFO/DB/HHCT,,GET,Heat of Hydration Analysis Control
Description,/INFO/DB/HHND,,GET,Heat of Hydaration Result Graph
Description,/INFO/DB/HPCE,,GET,Pipe Cooling
Description,/INFO/DB/HSFC,,GET,Heat Source Functions
Description,/INFO/DB/HSPT,,GET,Prescribed Temperature
Description,/INFO/DB/HSTG,,GET,Define Construction Stage for Hydration
Description,/INFO/DB/IEHC,,GET,Inelastic Hinge Control Data
Description,/INFO/DB/IEHG,,GET,Assign Inelastic Hinge Properties
Description,/INFO/DB/IEHP,,GET,
Description,/INFO/DB/IELC,,GET,Ignore Elements for Load Cases
Description,/INFO/DB/IEPI,,GET,Ignore Elements for Pushover Intial Load
Description,/INFO/DB/IFGS,,GET,Large Displacement - Initial Forces for Geometric Stiffness
Description,/INFO/DB/IMFM,,GET,Inelastic Material Properties for Fiber Model
Description,/INFO/DB/IMPF,,GET,Additional Impact Factor
Description,/INFO/DB/INMF,,GET,Small Displacement - Initial Element Force
Description,/INFO/DB/KFAC,,GET,
Description,/INFO/DB/LCOM-ALUM,,GET,
Description,/INFO/DB/LCOM-CFSTEEL,,GET,
Description,/INFO/DB/LCOM-CONC,,GET,Load Combinations - Concrete Design
Description,/INFO/DB/LCOM-FDN,,GET,
Description,/INFO/DB/LCOM-GEN,,GET,Load Combinations - General
Description,/INFO/DB/LCOM-LINEAR,,GET,
Description,/INFO/DB/LCOM-SEISMIC,,GET,Load Combinations - Seismic Design
Description,/INFO/DB/LCOM-SRC,,GET,Load Combinations - SRC Design
Description,/INFO/DB/LCOM-STEEL,,GET,Load Combinations - Steel Design
Description,/INFO/DB/LCOM-STLCOMP,,GET,Load Combinations - Composite Steel Girder Design
Description,/INFO/DB/LDGR,,GET,Load Group
Description,/INFO/DB/LDSQ,,GET,Load Sequence for Nonlinear
Description,/INFO/DB/LENG,,GET,Unbraced Length
Description,/INFO/DB/LLAN,,GET,Traffic Line Lanes
Description,/INFO/DB/LLANCH,,GET,Traffic Line Lanes - China
Description,/INFO/DB/LLANID,,GET,Traffic Line Lanes - India
Description,/INFO/DB/LLANJP,,GET,
Description,/INFO/DB/LLANOP,,GET,Traffic Line Lanes - Moving Load Optimizaion
Description,/INFO/DB/LLANTR,,GET,Traffic Line Lanes - Transverse
Description,/INFO/DB/LTOM,,GET,Loads to Masses
Description,/INFO/DB/LTSR,,GET,Underground Load Combination Type
Description,/INFO/DB/MADO,,GET,Define Domain
Description,/INFO/DB/MATD,,GET,Modify Concrete Materials
Description,/INFO/DB/MATL,,GET,Material Properties
Description,/INFO/DB/MBTP,,GET,Modify Member Type
Description,/INFO/DB/MCON,,GET,Linear Constraints
Description,/INFO/DB/MDGN,,GET,
Description,/INFO/DB/MEMB,,GET,Member Assignment
Description,/INFO/DB/MLFC,,GET,Force-Deformation Function
Description,/INFO/DB/MLSP,,GET,Lane Support - Negative Moments at Interior Piers
Description,/INFO/DB/MLSR,,GET,Lane Support - Reactions at Interior Piers
Description,/INFO/DB/MRFT,,GET,
Description,/INFO/DB/MTCS,,GET,
Description,/INFO/DB/MVCD,,GET,Moving Load Code
Description,/INFO/DB/MVCT,,GET,Moving Load Analysis Control
Description,/INFO/DB/MVCTBS,,GET,Moving Load Analysis Control - BS
Description,/INFO/DB/MVCTCH,,GET,Moving Load Analysis Control - China
Description,/INFO/DB/MVCTID,,GET,Moving Load Analysis Control - India
Description,/INFO/DB/MVCTTR,,GET,Moving Load Analysis Control - Transverse
Description,/INFO/DB/MVHC,,GET,Vehicle Classes
Description,/INFO/DB/MVHL,,GET,Vehicles - Taiwan
Description,/INFO/DB/MVHLTR,,GET,Vehicles - Transverse
Description,/INFO/DB/MVLD,,GET,Moving Load Cases
Description,/INFO/DB/MVLDBS,,GET,Moving Load Cases - BS
Description,/INFO/DB/MVLDCH,,GET,Moving Load Cases - China
Description,/INFO/DB/MVLDEU,,GET,Moving Load Cases - Eurocode
Description,/INFO/DB/MVLDID,,GET,Moving Load Cases - India
Description,/INFO/DB/MVLDJP,,GET,
Description,/INFO/DB/MVLDPL,,GET,Moving Load Cases - Poland
Description,/INFO/DB/MVLDTR,,GET,Moving Load Cases - Transverse
Description,/INFO/DB/NBOF,,GET,Nodal Body Force
Description,/INFO/DB/NLCT,,GET,Nonlinear Analysis Control Data
Description,/INFO/DB/NLLP,,GET,General Link Properties
Description,/INFO/DB/NLNK,,GET,General Link
Description,/INFO/DB/NMAS,,GET,Nodal Masses
Description,/INFO/DB/NODE,,GET,Node
Description,/INFO/DB/NPLN,,GET,Named Plane
Description,/INFO/DB/NSPR,,GET,Point Spring
Description,/INFO/DB/NTMP,,GET,Nodal Temperature
Description,/INFO/DB/NUCS,,GET,
Description,/INFO/DB/OFFS,,GET,Beam End Offsets
Description,/INFO/DB/PDEL,,GET,P-Delta Analysis Control
Description,/INFO/DB/PHGE,,GET,Assign Pushover Hinge Properties
Description,/INFO/DB/PHGT,,GET,
Description,/INFO/DB/PJCF,,GET,Project Information
Description,/INFO/DB/PLCB,,GET,Pre-composite Section
Description,/INFO/DB/PNLA,,GET,Assign Plane Loads
Description,/INFO/DB/PNLD,,GET,Define Plane Load Type
Description,/INFO/DB/POGD,,GET,Pushover Analysis Control Data
Description,/INFO/DB/POLC,,GET,Pushover Load Cases
Description,/INFO/DB/POSL,,GET,Parameter of Seismic Loads
Description,/INFO/DB/PRES,,GET,Assign Pressure Loads
Description,/INFO/DB/PRLS,,GET,Plate End Release
Description,/INFO/DB/PRST,,GET,Prestress Beam Loads
Description,/INFO/DB/PSLT,,GET,Define Pressure Load Type
Description,/INFO/DB/PSSF,,GET,Section Manager - Plate Stiffness Scale Factor
Description,/INFO/DB/PTNS,,GET,Pretension Loads
Description,/INFO/DB/PZEF,,GET,Panel Zone Effects
Description,/INFO/DB/RCHK,,GET,Rebar Input for Checking - Beam/Column
Description,/INFO/DB/RIGD,,GET,Rigid Link
Description,/INFO/DB/RPSC,,GET,Section Manager - Reinforcements
Description,/INFO/DB/SBCT,,GET,
Description,/INFO/DB/SBDO,,GET,Define Sub-Domain
Description,/INFO/DB/SDSP,,GET,Specified Displacements of Support
Description,/INFO/DB/SDST,,GET,Seismic Device - Steel Damper
Description,/INFO/DB/SDVE,,GET,Seismic Device - Viscoelastic Damper
Description,/INFO/DB/SDVI,,GET,Seismic Device - Viscous Damper/Oil Damper
Description,/INFO/DB/SECF,,GET,Section Manager - Stiffness
Description,/INFO/DB/SECP,,GET,
Description,/INFO/DB/SECT,,GET,Section Properties - Tapered - Steel Girder
Description,/INFO/DB/SECV,,GET,
Description,/INFO/DB/SGLD,,GET,
Description,/INFO/DB/SINF,,GET,Plate Element for Influence Surface
Description,/INFO/DB/SKEW,,GET,Node Local Axis
Description,/INFO/DB/SLAN,,GET,Traffic Surface Lanes
Description,/INFO/DB/SLANCH,,GET,Traffic Surface Lanes - China
Description,/INFO/DB/SLANOP,,GET,Traffic Surface Lanes - Moving Load Optimization
Description,/INFO/DB/SMCT,,GET,Settlement Analysis Control Data
Description,/INFO/DB/SMLC,,GET,Settlement Load Cases
Description,/INFO/DB/SMPT,,GET,Settlement Group
Description,/INFO/DB/SPAN,,GET,Span Information
Description,/INFO/DB/SPFC,,GET,Response Spectrum Functions - Other Countries
Description,/INFO/DB/SPLC,,GET,Response Spectrum Load Cases
Description,/INFO/DB/SSPS,,GET,Surface Spring
Description,/INFO/DB/STAG,,GET,Define Construction Stage
Description,/INFO/DB/STBK,,GET,Set-Back Loads for Nonlinear Construction Stage
Description,/INFO/DB/STCT,,GET,Construction Stage Analysis Control Data
Description,/INFO/DB/STLD,,GET,Static Load Cases
Description,/INFO/DB/STMP,,GET,System Temperature
Description,/INFO/DB/STRPSSM,,GET,Section Manager - Stress Points
Description,/INFO/DB/STYP,,GET,Structure Type
Description,/INFO/DB/TDCS,,GET,Tendon Location for Composite Section
Description,/INFO/DB/TDGR,,GET,Tendon Group
Description,/INFO/DB/TDME,,GET,Time Dependent Material Properties - Compressive Strength
Description,/INFO/DB/TDMF,,GET,Time Dependent Material Properties - User Defined
Description,/INFO/DB/TDMT,,GET,Time Dependent Material Properties - Creep/Shrinkage
Description,/INFO/DB/TDNA,,GET,Tendon Profile
Description,/INFO/DB/TDNT,,GET,Tendon Property
Description,/INFO/DB/TDPL,,GET,Tendon Prestress
Description,/INFO/DB/THFC,,GET,Time History Functions
Description,/INFO/DB/THGA,,GET,Ground Acceleration
Description,/INFO/DB/THGC,,GET,Time History Global Control
Description,/INFO/DB/THIK,,GET,Thickness - Stiffened Value
Description,/INFO/DB/THIS,,GET,Time History Load Cases
Description,/INFO/DB/THMS,,GET,Multiple Support Excitation
Description,/INFO/DB/THNL,,GET,Dynamic Nodal Loads
Description,/INFO/DB/THRE,,GET,Time History Graph - Element Force Smart Graph
Description,/INFO/DB/THRG,,GET,Time History Graph - General Link Smart Graph
Description,/INFO/DB/THRI,,GET,Time History Graph - Inelastic Hinge Smart Graph
Description,/INFO/DB/THSL,,GET,Time Varying Static Loads
Description,/INFO/DB/TMAT,,GET,Time Dependent Material Link
Description,/INFO/DB/TMLD,,GET,Time Loads for Construction Stage
Description,/INFO/DB/TSGR,,GET,Tapered Group
Description,/INFO/DB/UFIG,,GET,
Description,/INFO/DB/ULFC,,GET,Cable Control - Unknown Load Factor Constraints
Description,/INFO/DB/UNIT,,GET,Unit System
Description,/INFO/DB/VBEM,,GET,Section Manager - Section for Resultant Forces - Virtual Beam
Description,/INFO/DB/VSEC,,GET,Section Manager - Section for Resultant Forces - Virtual Section
Description,/INFO/DB/WMAK,,GET,Modify Wall Mark Design
Description,/INFO/DB/WSSF,,GET,
Description,/INFO/DB/WVLD,,GET,Wave Loads
DOC,/DOC/EXIT,,POST,
DOC,/DOC/SAVE,,POST,Save
OPE,/OPE/ANALSTATUS,,POST,
OPE,/OPE/APIEND,,GET,
OPE,/OPE/APISTART,,GET,
OPE,/OPE/AUTOMESH,,POST,Auto-Mesh Planar Area
OPE,/OPE/BOM,,POST,
OPE,/OPE/DIVIDEELEM,,POST,Divide Elements
OPE,/OPE/EDMP,,POST,Change Property
OPE,/OPE/ELEMPAR,,POST,
OPE,/OPE/ELEMTDNT,,POST,
OPE,/OPE/LINEBMLD,,POST,Line Beam Load
OPE,/OPE/MATL_DB/{TYPE or STANDARD},,GET,
OPE,/OPE/MATL_STANDARD/{TYPE},,GET,
OPE,/OPE/MEMB,,POST,Member Assignment
OPE,/OPE/MODALDAMPINGRATIO,,POST,
OPE,/OPE/MXTCMDSHELL,,POST,
OPE,/OPE/MXTCMDSHELL/{CMD},,GET,
OPE,/OPE/MXTINFO,,GET,
OPE,/OPE/PLATE_DECK,,POST,
OPE,/OPE/POSP,,POST,
OPE,/OPE/PROJECTSTATUS,,GET,Project Status
OPE,/OPE/SECT_DBNAME/{shape},,GET,
OPE,/OPE/SECT_NAME,,POST,
OPE,/OPE/SECT_SHAPE,,GET,
OPE,/OPE/SECT_SHAPE/{opt},,GET,
OPE,/OPE/SECTCORD,,POST,
OPE,/OPE/SECTPROP,,"GET, POST",Section Properties Calculation Results
OPE,/OPE/SMARTGRAPHVALUE,,POST,
OPE,/OPE/SSPS,,POST,Surface Spring
OPE,/OPE/SWPCGIRDER_DLG,,POST,
OPE,/OPE/TEMP_TABLETYPE,,GET,
OPE,/OPE/TRANSACTION-CANCEL,,POST,
OPE,/OPE/TRANSACTION-CLOSE,,POST,
OPE,/OPE/TRANSACTION-OPEN,,POST,
OPE,/OPE/USLC,,POST,Using Load Combinations
OPE,/OPE/UTBLTYPES,,GET,
POST,/POST/ANL,,POST,
POST,/POST/CHART,,POST,
POST,/POST/PM,,POST,P-M Interaction Diagram
POST,/POST/RCBEAMCHKRATIO,,POST,
POST,/POST/RCWALLDGNRATIO,,POST,
POST,/POST/STEELCODECHECK,,POST,Steel Code Check
POST,/POST/TEXT,,POST,Pushover Text - Elastic Link Result
POST,/REQUESTINFO/POST/TABLE,,GET,
POST,/REQUESTINFO/POST/TABLE_REQUEST/{TABLE_TYPE},,GET,
POST,/REQUESTINFO/POST/TABLE/{TABLE_TYPE},,GET,
POST,/REQUESTINFO/POST/TABLE/TYPELIST,,GET,
VIEW,/VIEW/PRECAPTURE,,POST,Dialog Capture
VIEW,/VIEW/RESULTGRAPHIC,,POST,Crack Ratio - Heat of Hydration Display
VIEW,/VIEW/SELECT,,GET,Select
POST,/POST/TABLE,ELEMENTWEIGHT,POST,Designing with Intent: The Vision Behind POST/TABLE
POST,/POST/TABLE,ELEMENTWEIGHT,POST,Element Weight Table
POST,/POST/TABLE,NODALBODYFORCE,POST,Nodal Body Force Table
POST,/POST/TABLE,MASS_SUMMARY_X,POST,Mass Summary Table
POST,/POST/TABLE,LOAD_SUMMARY_X,POST,Load Summary Table
POST,/POST/TABLE,MATERIAL,POST,Material Table
POST,/POST/TABLE,SECTIONALL,POST,Section Table
POST,/POST/TABLE,SUPPORTS,POST,Restraint Supports Table
POST,/POST/TABLE,STORY_MASS,POST,Story Mass Summary
POST,/POST/TABLE,REACTIONG,POST,Reaction - Analysis Result Table
POST,/POST/TABLE,DISPLACEMENTG,POST,Displacements - Analysis Result Table
POST,/POST/TABLE,TRUSSFORCE,POST,Truss Force - Analysis Result Table
POST,/POST/TABLE,TRUSSSTRESS,POST,Truss Stress - Analysis Result Table
POST,/POST/TABLE,CABLEFORCE,POST,Cable Force - Analysis Result Table
POST,/POST/TABLE,CABLECONFIG,POST,Cable Configuration - Analysis Result Table
POST,/POST/TABLE,CABLEEFFIENCY,POST,Cable Efficiency - Analysis Result Table
POST,/POST/TABLE,BEAMFORCE,POST,Beam Force - Analysis Result Table
POST,/POST/TABLE,BEAMFORCESTP,POST,Beam Force (Static Prestress) - Analysis Result Table
POST,/POST/TABLE,BEAMSTRESS,POST,Beam Stress - Analysis Result Table
POST,/POST/TABLE,BEAMSTRESSDETAIL,POST,Beam Stress (Equivalent) - Analysis Result Table
POST,/POST/TABLE,BEAMSTRESSPSC,POST,Beam Stress (PSC) - Analysis Result Table
POST,/POST/TABLE,PLATEFORCEL,POST,Plate Force (Local) - Analysis Result Table
POST,/POST/TABLE,PLATEFORCEG,POST,Plate Force (Global) - Analysis Result Table
POST,/POST/TABLE,PLATEFORCEUL,POST,Plate Force (Unit Length) - Analysis Result Table
POST,/POST/TABLE,PLATESTRESSL,POST,Plate Stress (Local) - Analysis Result Table
POST,/POST/TABLE,PLATESTRESSG,POST,Plate Stress (Global) - Analysis Result Table
POST,/POST/TABLE,PLATESTRAINTL,POST,Plate Strain (Local) - Analysis Result Table
POST,/POST/TABLE,PLATESTRAINTG,POST,Plate Strain (Global) - Analysis Result Table
POST,/POST/TABLE,PLANESTRESSFL,POST,Plane Force (Local) - Analysis Result Table
POST,/POST/TABLE,PLANESTRESSFG,POST,Plane Force (Global) - Analysis Result Table
POST,/POST/TABLE,PLANESTRESSSL,POST,Plane Stress (Local) - Analysis Result Table
POST,/POST/TABLE,PLANESTRESSSG,POST,Plane Stress (Global) - Analysis Result Table
POST,/POST/TABLE,PLANESTRAINFL,POST,Plane Strain Force (Local) - Analysis Result Table
POST,/POST/TABLE,PLANESTRAINFG,POST,Plane Strain Force (Global) - Analysis Result Table
POST,/POST/TABLE,PLANESTRAINSL,POST,Plane Strain Stress (Local) - Analysis Result Table
POST,/POST/TABLE,PLANESTRAINSG,POST,Plane Strain Stress (Global) - Analysis Result Table
POST,/POST/TABLE,AXISYMMETRICFL,POST,Axisymmetric Force (Local) - Analysis Result Table
POST,/POST/TABLE,AXISYMMETRICFG,POST,Axisymmetric Force (Global) - Analysis Result Table
POST,/POST/TABLE,AXISYMMETRICSL,POST,Axisymmetric Stress (Local) - Analysis Result Table
POST,/POST/TABLE,AXISYMMETRICSG,POST,Axisymmetric Stress (Global) - Analysis Result Table
POST,/POST/TABLE,SOLIDFL,POST,Solid Force (Local) - Analysis Result Table
POST,/POST/TABLE,SOLIDFG,POST,Solid Force (Global) - Analysis Result Table
POST,/POST/TABLE,SOLIDSL,POST,Solid Stress (Local) - Analysis Result Table
POST,/POST/TABLE,SOLIDSG,POST,Solid Stress (Global) - Analysis Result Table
POST,/POST/TABLE,SOLID_LOCA_TOTAL_STRAIN,POST,Solid Strain (Local) - Analysis Result Table
POST,/POST/TABLE,SOLID_GLOB_TOTAL_STRAIN,POST,Solid Strain (Global) - Analysis Result Table
POST,/POST/TABLE,ELASTICLINK,POST,Elastic Link - Analysis Result Table
POST,/POST/TABLE,GENERAL_LINK_FORCE,POST,General Link - Analysis Result Table
POST,/POST/TABLE,RESULTANT_FORCES,POST,Resultant Forces - Analysis Result Table
POST,/POST/TABLE,EIGENVALUEMODE,POST,Vibration Mode Shape - Analysis Result Table
POST,/POST/TABLE,BUCKLINGMODE,POST,Buckling Mode Shape - Analysis Result Table
POST,/POST/TABLE,EFFECTIVE_LENGTH_TRUSS,POST,Effective Span Length - Analysis Result Table
POST,/POST/TABLE,RS_NODAL_INERTIA,POST,Nodal Results of RS - Analysis Result Table
POST,/POST/TABLE,TNDN_COORDINATES,POST,Tendon Coordinates - Analysis Result Table
POST,/POST/TABLE,TNDN_ELONGATION,POST,Tendon Elongation - Analysis Result Table
POST,/POST/TABLE,TNDN_ARRANGEMENT,POST,Tendon Arrangement - Analysis Result Table
POST,/POST/TABLE,TNDN_LOSS_STRESS,POST,Tendon Loss - Analysis Result Table
POST,/POST/TABLE,TNDN_WEIGHT_PROFILE,POST,Tendon Weight - Analysis Result Table
POST,/POST/TABLE,TNDN_STRS_LIMIT_CHECK,POST,Tendon Stress Limit Check - Analysis Result Table
POST,/POST/TABLE,TNDN_APPROX_LOSS_STRESS,POST,Tendon Approximate Loss - Analysis Result Table
POST,/POST/TABLE,COMPSECTBEAMFORCE,POST,Composite Section for C.S. (Force and Stress) - Analysis Result Table
POST,/POST/TABLE,SELF_CONST_BEAM_FORCE,POST,Composite Section for C.S. (Self-Constraint Force and Stress) - Analysis Result Table
POST,/POST/TABLE,ELEM_PROP_EACH_STAGE,POST,Element Properties at Each Stage - Analysis Result Table
POST,/POST/TABLE,SECT_PROP_LAST_STAGE,POST,Beam Section Properties at Last Stage - Analysis Result Table
POST,/POST/TABLE,LACK_OF_FIT_FORCE_TRUSS,POST,Lack of Fit Force (Truss) - Analysis Result Table
POST,/POST/TABLE,LACK_OF_FIT_FORCE_BEAM,POST,Lack of Fit Force (Beam) - Analysis Result Table
POST,/POST/TABLE,LACK_OF_FIT_FORCE_PLATE,POST,Lack of Fit Force (Plate) - Analysis Result Table
POST,/POST/TABLE,EQUILIBRIUM_ELEM_FORCE,POST,Equilibrium Element Nodal Force - Analysis Result Table
POST,/POST/TABLE,INITIAL_ELEM_FORCE,POST,Initial Element Force - Analysis Result Table
POST,/POST/TABLE,WALL_FORCE_MOMENT,POST,Wall Force - Analysis Result Table
POST,/POST/TABLE,STORY_DRIFT_X,POST,"Story Drift(X,Y,Combine) - Story Result Table"
POST,/POST/TABLE,STORY_DISPLACEMENT_X,POST,"Story Displacement(X,Y,Combined) - Story Result Table"
POST,/POST/TABLE,STORY_SHEAR_FOR_RS,POST,Story Shear Force(R.S.Analysis) - Story Result Table
POST,/POST/TABLE,STORY_SHEAR_FORCE_COEFFICIENT,POST,Story Shear Force Coefficient(R.S.Analysis) - Story Result Table
POST,/POST/TABLE,STORY_MODE_SHAPE,POST,Story Mode Shape - Story Result Table
POST,/POST/TABLE,STORY_SHEAR_FORCE_RATIO,POST,Story Shear Force Ratio - Story Result Table
POST,/POST/TABLE,STORY_ECNTRICITY,POST,Story Eccentricity - Story Result Table
POST,/POST/TABLE,OVERTURNING_MOMENT,POST,Overturning Moment - Story Result Table
POST,/POST/TABLE,STORY_AXIAL_FORCE_SUM,POST,Story Axial Force Sum - Story Result Table
POST,/POST/TABLE,STORY_STABILITY_COEFFICIENT_X,POST,Story Stability Coefficient - Story Result Table
POST,/POST/TABLE,TORSIONAL_IRRGULARITY_X,POST,Torsional Irregularity Check - Story Result Table
POST,/POST/TABLE,TORSIONAL_AMPLIFICATION_FACTOR_X,POST,Torsional Amplification Factor - Story Result Table
POST,/POST/TABLE,STIFFNESS_IRREGULARITY_X,POST,Stiffness Irregularity Check (Soft Story) - Story Result Table
POST,/POST/TABLE,CAPACITY_IRREGULARITY,POST,Capacity Irregularity Check(Weak Story) - Story Result Table
POST,/POST/TABLE,CRITERIA_FOR_REGULARITY_IN_PLAN,POST,Criteria for Regularity in Plan - Story Result Table
POST,/POST/TABLE,ULTIMATE_STORY_SHEAR_FORCE_CHECK,POST,Ultimate Story Shear For Check - Story Result Table
POST,/POST/TABLE,THISDISPLACEMENT,POST,Displacement/Velocity/Acceleration - TH Result Table
POST,/POST/TABLE,THISBEAMFORCE,POST,Beam Force - TH Result Table
POST,/POST/TABLE,THISTRUSSFORCE,POST,Truss Force - TH Result Table
POST,/POST/TABLE,THISGLINKFORCE,POST,General Link - TH Result Table
POST,/POST/TABLE,IEHG_EVENT_TIME_LUMPED,POST,Inelastic Hinge Event Time - TH Result Table
POST,/POST/TABLE,IEHG_BEAM_SUM_DX,POST,Inelastic Hinge Beam Summary - TH Result Table
POST,/POST/TABLE,IEHG_TRUSS_SUM_DX,POST,Inelastic Hinge Truss Summary - TH Result Table
POST,/POST/TABLE,IEHG_GL_LINK_SUM_DX,POST,Inelastic Hinge General Link Summary - TH Result Table
POST,/POST/TABLE,IEHG_FORCE_LUMPED,POST,Inelastic Hinge Force - TH Result Table
POST,/POST/TABLE,IEHG_DEFORM_LUMPED,POST,Inelastic Hinge Deformation - TH Result Table
POST,/POST/TABLE,IEHG_ELEM_ROT_BEAM,POST,Inelastic Hinge Element Rotation - TH Result Table
POST,/POST/TABLE,IEHG_DUCT_D1_LUMPED,POST,Inelastic Hinge Ductility Factor(D/D1) - TH Result Table
POST,/POST/TABLE,IEHG_DUCT_D2_LUMPED,POST,Inelastic Hinge Ductility Factor(D/D2) - TH Result Table
POST,/POST/TABLE,FIBR_YILEDSTRENGTH,POST,Fiber Section Estimate Yield Strength - TH Result Table
POST,/POST/TABLE,FIBR_ELASTREMAIN,POST,Fiber Section Elastic Modulus Retention Rate - TH Result Table
POST,/POST/TABLE,FIBR_MAXCONTRACT,POST,Fiber Section Maximum Strain of The Cell - TH Result Table
POST,/POST/TABLE,FIBR_EVENTSTEP,POST,Fiber Section Event Step - TH Result Table
POST,/POST/TABLE,FIBR_MEANCOMPCONTRACT,POST,Fiber Section Average Compression Strain - TH Result Table
POST,/POST/TABLE,HEAT_HYDR_STRESS_L,POST,Stress - HY Result Table
POST,/POST/TABLE,HEAT_HYDR_TEMPERATURE,POST,Temperature - HY Result Table
POST,/POST/TABLE,HEAT_HYDR_DISPLACEMENT,POST,Displacement - HY Result Table
POST,/POST/TABLE,HEAT_HYDR_TENS_STRESS,POST,Tensile Stress - HY Result Table
POST,/POST/TABLE,HEAT_HYDR_PIPE_NODE_TEMP,POST,Pipe Cooling Nodal Temperature - HY Result Table
POST,/POST/TABLE,BEAMDESIGNFORCES,POST,Concrete Design - Beam Design Forces
POST,/POST/TABLE,COLUMNDESIGNFORCES,POST,Concrete Design - Column Design Forces
POST,/POST/TABLE,BRACEDESIGNFORCES,POST,Concrete Design - Brace Design Forces
POST,/POST/TABLE,WALLDESIGNFORCES,POST,Concrete Design - Wall Design Forces
POST,/POST/TABLE,STEELMEMBERDESIGNFORCES,POST,Steel Design - Steel Member Design Forces
POST,/POST/TABLE,SRCBEAMDESIGNFORCES,POST,SRC Design - SRC Beam Design Forces
POST,/POST/TABLE,SRCCOLUMNDESIGNFORCES,POST,SRC Design - SRC Column Design Forces
POST,/POST/TABLE,COLDFORMEDSTEELMEMBERDESIGNFORCES,POST,Cold Formed Design - Cold Formed Steel Member Design Forces